0x72,2a 8c 7f 62 a9 44 62 72,09 Nov 15:56:36
0x73,47 2e 0b 2b e9 67 74 ac,09 Nov 15:56:36
0x80,f2 f1 14 41 48 15 7f 4d,09 Nov 15:56:36
0x81,9c 58 4d f1 de c0 91 81,09 Nov 15:56:36
0x72,eb 16 4e 52 16 a0 db c0,09 Nov 15:57:28
0x73,78 66 32 34 1a 2f de 77,09 Nov 15:57:28
0x80,74 b0 bb b4 10 ae 79 6e,09 Nov 15:57:28
0x81,39 dc 25 47 e2 f4 7b fe,09 Nov 15:57:28
0x72,b9 1d 89 e1 d1 86 99 36,09 Nov 15:58:21
0x73,29 77 d4 ad 40 94 11 11,09 Nov 15:58:21
0x80,d5 53 11 9e 40 60 38 b3,09 Nov 15:58:21
0x81,98 7b 3e 77 6a d1 03 95,09 Nov 15:58:21
0x72,f0 69 81 ee 22 34 0e 71,09 Nov 15:59:13
0x73,5d 45 7b c7 66 0d 6f f4,09 Nov 15:59:13
0x80,77 d8 39 70 6f 55 d1 a0,09 Nov 15:59:13
0x81,08 22 f5 54 e0 40 8c e3,09 Nov 15:59:13
0x72,72 d5 2b bd 06 3d c1 be,09 Nov 16:00:05
0x73,6c f5 74 60 c2 11 a1 d7,09 Nov 16:00:05
0x80,4c 1c cb 6a fc 12 02 f9,09 Nov 16:00:05
0x81,17 f2 1b cc f9 84 aa e6,09 Nov 16:00:05
0x72,69 02 6c 58 2b 9a 38 09,09 Nov 16:01:31
0x73,b5 58 83 e8 11 27 a7 2d,09 Nov 16:01:31
0x80,37 c4 18 8d cd 5c 5b 0b,09 Nov 16:01:31
0x81,eb bb 22 88 c3 36 cd a4,09 Nov 16:01:31
0x72,4b 59 94 f5 66 ba 74 18,09 Nov 16:02:24
0x73,78 4a 43 f5 55 de 56 0c,09 Nov 16:02:24
0x80,75 00 a1 dd 6f f6 12 1a,09 Nov 16:02:24
0x81,85 1c 30 62 5e bc 05 24,09 Nov 16:02:24
0x72,76 c6 11 35 a0 d3 da ad,09 Nov 16:03:45
0x73,1f d3 98 a8 a1 9c 62 e9,09 Nov 16:03:45
0x80,23 32 ab c0 96 28 03 56,09 Nov 16:03:45
0x81,12 50 41 c2 7f 6f 1a e1,09 Nov 16:03:45
0x72,2e 72 e7 c0 76 25 dc 9d,09 Nov 16:04:54
0x73,ad 85 d6 57 90 08 08 17,09 Nov 16:04:54
0x80,2f 1d db 53 9a 9f e0 1e,09 Nov 16:04:54
0x81,4c 14 09 a5 79 eb 37 e2,09 Nov 16:04:54
0x72,35 ba 83 3e 5d 51 18 8f,09 Nov 16:05:04
0x73,88 c5 70 55 58 4a 5c f4,09 Nov 16:05:04
0x80,3a 01 33 94 bc df 65 6f,09 Nov 16:05:04
0x81,50 e8 a1 5b 61 f6 78 a7,09 Nov 16:05:04
0x72,26 07 3c ab 75 25 66 6d,09 Nov 16:05:13
0x73,fc 9a 01 7e ad d0 82 ea,09 Nov 16:05:13
0x80,51 96 07 0f 24 d0 ca 2d,09 Nov 16:05:13
0x81,6d 4a 5c 7b a5 bc 86 4c,09 Nov 16:05:13
0x72,1d 28 f4 77 e2 ee d0 97,09 Nov 16:05:22
0x73,f8 4a 4e b6 b4 a8 0d 91,09 Nov 16:05:22
0x80,6c 76 63 16 8f c6 76 5f,09 Nov 16:05:22
0x81,25 79 47 55 22 ed 73 0c,09 Nov 16:05:22
0x72,b4 a4 81 70 e5 f9 79 7f,09 Nov 16:05:32
0x73,a0 60 55 59 97 3a 1c 8b,09 Nov 16:05:32
0x80,80 9d 3a 9d 22 e2 8f 93,09 Nov 16:05:32
0x81,27 83 f0 a1 14 26 df 6a,09 Nov 16:05:32
0x72,6b af f6 dd 1f b1 14 e4,09 Nov 16:05:41
0x73,9c 97 ec 49 ff 34 71 75,09 Nov 16:05:41
0x80,52 2f de 79 b1 a7 98 f2,09 Nov 16:05:41
0x81,b2 40 3c 27 70 1d f1 7a,09 Nov 16:05:41
0x72,94 c2 50 3a 6e 4f ab 49,09 Nov 16:05:50
0x73,83 61 a2 6c 69 a8 c9 66,09 Nov 16:05:50
0x80,2e 9f 59 3b bf 27 6e 2f,09 Nov 16:05:50
0x81,7f 38 69 15 c6 29 a4 6c,09 Nov 16:05:50
0x72,b3 04 3c 75 d6 0d 3a ce,09 Nov 16:05:59
0x73,a8 b6 61 c4 8c 26 1c 2f,09 Nov 16:05:59
0x80,36 a8 1c b0 8e 3c 5d 32,09 Nov 16:05:59
0x81,d4 93 16 3f f1 96 00 8b,09 Nov 16:05:59
0x72,0a 14 05 39 0b 3f bd e0,09 Nov 16:06:09
0x73,6a 90 64 5d e8 97 4a 02,09 Nov 16:06:09
0x80,33 f5 71 dc dc 66 d8 aa,09 Nov 16:06:09
0x81,d3 9f 4a b8 0b 8e 57 5c,09 Nov 16:06:09
0x72,7f 47 8f f0 92 07 c4 60,09 Nov 16:06:18
0x73,c7 e6 77 2b f2 82 40 75,09 Nov 16:06:18
0x80,c7 8e 57 28 3d 09 59 a8,09 Nov 16:06:18
0x81,5a ae 1e 7e 46 f7 01 44,09 Nov 16:06:18
0x72,42 79 50 0e 36 52 2e 11,09 Nov 16:06:27
0x73,9d 46 bc 62 1a 9b 38 f5,09 Nov 16:06:27
0x80,52 0d a7 9f 0b 1d 54 10,09 Nov 16:06:27
0x81,84 a7 cc 75 4e b4 27 ca,09 Nov 16:06:27
0x72,8a 31 a9 fd 45 dd aa c9,09 Nov 16:06:37
0x73,d0 80 f1 29 92 d1 ff 3f,09 Nov 16:06:37
0x80,5d 42 26 95 fc 56 d6 9f,09 Nov 16:06:37
0x81,62 e4 62 05 27 4a ca 86,09 Nov 16:06:37
0x72,3a c2 a1 d9 5e 31 2e 03,09 Nov 16:06:46
0x73,70 55 55 d4 f1 75 6f f4,09 Nov 16:06:46
0x80,b8 f9 fd df 00 98 b3 ea,09 Nov 16:06:46
0x81,37 42 69 f0 7a 16 d4 03,09 Nov 16:06:46
0x72,5e 4f 78 dc 9e 20 8d ac,09 Nov 16:06:55
0x73,e8 5a 93 87 e5 cf 1c 1a,09 Nov 16:06:55
0x80,e6 0f 9d 2b ef 0c e5 30,09 Nov 16:06:55
0x81,1b a4 5d 98 67 74 7c 48,09 Nov 16:06:55
0x72,68 4c 2b af 89 11 a2 02,09 Nov 16:07:05
0x73,a8 e1 2f 01 25 75 98 87,09 Nov 16:07:05
0x80,3e 62 e2 a9 12 e6 16 3e,09 Nov 16:07:05
0x81,3d c4 05 45 bd 4a 62 48,09 Nov 16:07:05
0x72,f4 f7 a2 d7 95 3b 77 b0,09 Nov 16:07:14
0x73,5c 81 ec 3e f8 a7 da a6,09 Nov 16:07:14
0x80,09 0b b0 aa 86 9a 26 41,09 Nov 16:07:14
0x81,34 76 23 55 b4 eb ae 59,09 Nov 16:07:14
0x72,79 a8 1d ce 39 bb 75 35,09 Nov 16:07:23
0x73,6b 08 68 93 3a e3 2a ee,09 Nov 16:07:23
0x80,ab 27 84 70 90 1c c3 77,09 Nov 16:07:23
0x81,3c f2 35 03 6c 60 c5 bc,09 Nov 16:07:23
0x72,0c 56 f1 dc 98 af 64 2e,09 Nov 16:07:33
0x73,c3 05 8b dc 1d 6d 81 84,09 Nov 16:07:33
0x80,b4 6f e5 86 16 7f 8c f0,09 Nov 16:07:33
0x81,11 96 01 b7 8d 07 97 c2,09 Nov 16:07:33
0x72,af 55 e5 ed 74 01 2b d1,09 Nov 16:07:42
0x73,82 6c 59 62 b4 d6 e9 9e,09 Nov 16:07:42
0x80,6a 71 c3 96 43 91 1a d1,09 Nov 16:07:42
0x81,51 15 de e9 29 8f cc 61,09 Nov 16:07:42
0x72,31 3a 89 16 fa ee 9e 15,09 Nov 16:07:51
0x73,61 be 79 af 35 54 72 a5,09 Nov 16:07:51
0x80,0b 1a fb 45 1f 95 a9 0b,09 Nov 16:07:51
0x81,ff 49 3d 6c 71 9e be 0e,09 Nov 16:07:51
0x72,d2 6e c7 97 a9 21 76 18,09 Nov 16:08:00
0x73,5b b3 bc d8 9e 4b 1e f8,09 Nov 16:08:00
0x80,c1 13 57 96 47 71 44 b3,09 Nov 16:08:00
0x81,38 62 39 f0 3f 92 18 ed,09 Nov 16:08:00
0x72,96 e7 6e ce 6b 49 1d f8,09 Nov 16:08:10
0x73,a8 17 85 46 c3 34 b8 ee,09 Nov 16:08:10
0x80,90 16 f5 b0 33 c5 64 f0,09 Nov 16:08:10
0x81,71 16 30 d5 66 27 4a d8,09 Nov 16:08:10
0x72,cb b8 ac 0e e1 b7 6d e4,09 Nov 16:08:19
0x73,73 21 51 c7 ee 79 bc 74,09 Nov 16:08:19
0x80,53 28 79 9f 39 88 a7 f3,09 Nov 16:08:19
0x81,e6 b4 a5 95 8b 84 fc 76,09 Nov 16:08:19
0x72,89 73 38 93 bf 55 08 fe,09 Nov 16:08:28
0x73,35 9b 7f b9 26 03 71 20,09 Nov 16:08:28
0x80,62 59 59 2d d5 08 7e 5a,09 Nov 16:08:28
0x81,d9 45 45 2b 6d 51 f0 e2,09 Nov 16:08:28
0x72,45 ee c6 ea 94 40 1d 34,09 Nov 16:08:38
0x73,2e c2 6c ae 3a a0 d0 98,09 Nov 16:08:38
0x80,09 0a 1a 66 29 f8 f7 3d,09 Nov 16:08:38
0x81,7c c8 e5 8f a9 c0 36 dc,09 Nov 16:08:38
0x72,7f ee bf c7 43 1f e5 c6,09 Nov 16:08:47
0x73,c1 24 c9 d9 69 e3 5b ce,09 Nov 16:08:47
0x80,f4 99 7d dd 0a 43 be 3e,09 Nov 16:08:47
0x81,ba 85 af 96 cf 0b 68 ef,09 Nov 16:08:47
0x72,0f 3a ec 55 e2 2d 01 54,09 Nov 16:08:56
0x73,3c 23 dc ca 24 73 b2 24,09 Nov 16:08:56
0x80,13 cc a9 b0 5c 14 9d 40,09 Nov 16:08:56
0x81,e0 39 bd c4 d0 9a 93 a7,09 Nov 16:08:56
0x72,75 1f 97 6f 42 1d 0a 66,09 Nov 16:09:06
0x73,dd 49 70 29 f2 18 7e b7,09 Nov 16:09:06
0x80,7e 67 df 86 93 95 c5 10,09 Nov 16:09:06
0x81,cf e1 26 8c 32 ce 8e ff,09 Nov 16:09:06
0x72,17 be 7b a7 22 e1 c1 7d,09 Nov 16:09:15
0x73,bd 1f cb d9 63 4f 14 f7,09 Nov 16:09:15
0x80,4b 88 a2 64 3e ef 2f c6,09 Nov 16:09:15
0x81,2a 73 0d 66 28 24 95 fe,09 Nov 16:09:15
0x72,cb 79 5e ba 1d a7 b2 8f,09 Nov 16:09:24
0x73,f1 4c 2d 85 6f 78 55 d2,09 Nov 16:09:24
0x80,fc 19 28 b7 8d 10 1a 82,09 Nov 16:09:24
0x81,2b a2 90 0f 28 ce 8c 32,09 Nov 16:09:24
0x72,04 1a 5f d7 a2 3e a1 a5,09 Nov 16:09:46
0x73,83 ba 33 82 33 9f 4c d2,09 Nov 16:09:46
0x80,71 7a 42 3e dd 58 d3 7b,09 Nov 16:09:46
0x81,25 59 b7 22 90 ba 59 de,09 Nov 16:09:46
0x72,8d 1e 5a b8 10 2c 6e 3e,09 Nov 16:09:54
0x73,85 bb d6 39 8d dd a6 61,09 Nov 16:09:54
0x80,dc e5 f9 ad 02 e4 37 70,09 Nov 16:09:54
0x81,f4 7d f6 53 04 d7 5b 0b,09 Nov 16:09:54
0x72,96 56 b8 b8 46 13 97 a3,09 Nov 16:10:03
0x73,7a 88 7b 93 5d 3d 43 49,09 Nov 16:10:03
0x80,ef fd a9 75 14 7d e1 c5,09 Nov 16:10:03
0x81,d8 62 04 f2 66 b2 c0 c9,09 Nov 16:10:03
0x72,87 20 8d 53 7d 8e d4 bb,09 Nov 16:10:11
0x73,e3 e6 c0 21 cc e1 f1 57,09 Nov 16:10:11
0x80,cd 71 f2 d4 c2 5c d9 03,09 Nov 16:10:11
0x81,3c 7f df 3d 1f f8 66 c3,09 Nov 16:10:11
